account,account_created_at,submission_type,domain,subreddit,submission_title,submission_link,created_at,votes
gregoratior,"5/4/2017, 2:52:59 PM",S,self.worldpolitics,worldpolitics,OFFICIAL-SENSITIVE: Great Britain is practically standing on her knees working on a trade agreement with the US,https://www.reddit.com/r/worldpolitics/comments/dkzlfc/officialsensitive_great_britain_is_practically/,"Oct 21, 2019, 2:09:26 PM","1,596"
gregoratior,"5/4/2017, 2:52:59 PM",S,self.reddit,u_reddit,This account is banned and is temporarily preserved for purposes of transparency.,https://www.reddit.com/r/u_reddit/comments/8b7ryg/this_account_is_banned_and_is_temporarily/,"Apr 10, 2018, 4:00:05 PM",594
gregoratior,"5/4/2017, 2:52:59 PM",S,self.ukwhistleblower,ukwhistleblower,ukwhistleblower has been created,https://www.reddit.com/r/ukwhistleblower/comments/dej3bb/ukwhistleblower_has_been_created/,"Oct 7, 2019, 2:59:00 PM",31
gregoratior,"5/4/2017, 2:52:59 PM",S,i.redd.it,worldpolitics,Post-Brexit Britain gonna be great,https://www.reddit.com/r/worldpolitics/comments/dmuopk/postbrexit_britain_gonna_be_great/,"Oct 25, 2019, 10:58:30 AM",22
gregoratior,"5/4/2017, 2:52:59 PM",S,self.2meirl4meirl,2meirl4meirl,2meirl4meirl,https://www.reddit.com/r/2meirl4meirl/comments/dbrswo/2meirl4meirl/,"Oct 1, 2019, 1:09:58 PM",21
gregoratior,"5/4/2017, 2:52:59 PM",C,,ukpolitics,Lack of progress in US-UK trade talks laid bare by cache of leaked documents,https://www.reddit.com/r/ukpolitics/comments/cbkxjz/redective/f77lklt,"Nov 11, 2019, 10:02:39 AM",18
gregoratior,"5/4/2017, 2:52:59 PM",C,,politics,Reporters Should Stop Helping Donald Trump Spread Lies About Joe Biden and Ukraine,https://www.reddit.com/r/politics/comments/d7zymt/redective/f17jbqd,"Sep 23, 2019, 3:02:29 PM",6
gregoratior,"5/4/2017, 2:52:59 PM",C,,worldpolitics,OFFICIAL-SENSITIVE: Great Britain is practically standing on her knees working on a trade agreement with the US,https://www.reddit.com/r/worldpolitics/comments/dkzlfc/redective/f503pqh,"Oct 24, 2019, 2:48:47 PM",5
gregoratior,"5/4/2017, 2:52:59 PM",C,,brexit,"Brexit: UK will reject any delay offer, PM to tell Juncker",https://www.reddit.com/r/brexit/comments/d4wy2w/redective/f0hnwh2,"Sep 16, 2019, 11:38:45 AM",4
gregoratior,"5/4/2017, 2:52:59 PM",S,i.redd.it,dankmemes,He's got some lööps there,https://www.reddit.com/r/dankmemes/comments/dbsblz/hes_got_some_l%C3%B6%C3%B6ps_there/,"Oct 1, 2019, 1:59:39 PM",3
gregoratior,"5/4/2017, 2:52:59 PM",C,,news,"Pentagon to send radar, Patriot missiles to bolster Saudi defences",https://www.reddit.com/r/news/comments/d9o53p/redective/f1lvn9m,"Sep 27, 2019, 10:05:00 AM",3
gregoratior,"5/4/2017, 2:52:59 PM",C,,politics,Trump Marks His 3rd 9/11 Anniversary With Attack on 'Fake News' and His Bad Poll Numbers,https://www.reddit.com/r/politics/comments/d2qtc5/redective/ezz3qoy,"Sep 12, 2019, 11:19:24 AM",3
gregoratior,"5/4/2017, 2:52:59 PM",C,,worldpolitics,Post-Brexit Britain gonna be great,https://www.reddit.com/r/worldpolitics/comments/dmuopk/redective/f54wy5l,"Oct 25, 2019, 10:59:29 AM",2
gregoratior,"5/4/2017, 2:52:59 PM",C,,Libertarian,CNN caught staging the narrative before making report,https://www.reddit.com/r/Libertarian/comments/d6fmpv/redective/f0v6288,"Sep 20, 2019, 9:47:30 AM",2
gregoratior,"5/4/2017, 2:52:59 PM",C,,stupidpol,"Ladies and Gentlemen, we got him: ""Photo Shows Justin Trudeau in Brownface at ‘Arabian Nights’ Party""",https://www.reddit.com/r/stupidpol/comments/d65cs2/redective/f0roftc,"Sep 19, 2019, 12:30:02 PM",2
gregoratior,"5/4/2017, 2:52:59 PM",C,,news,Pigeon poops on Illinois lawmaker discussing pigeon poop problem,https://www.reddit.com/r/news/comments/d54miy/redective/f0l917j,"Sep 17, 2019, 9:16:09 AM",2
gregoratior,"5/4/2017, 2:52:59 PM",C,,worldnews,Israel reportedly planted mysterious spy devices near White House,https://www.reddit.com/r/worldnews/comments/d35jv0/redective/f03l3rh,"Sep 13, 2019, 9:17:58 AM",2
gregoratior,"5/4/2017, 2:52:59 PM",C,,TrumpCriticizesTrump,Hillary Clinton has been involved in corruption for most of her professional life! - 17 Mar 2016,https://www.reddit.com/r/TrumpCriticizesTrump/comments/d9kqhi/redective/f1lus3x,"Sep 27, 2019, 9:41:28 AM",1
gregoratior,"5/4/2017, 2:52:59 PM",C,,news,Pelosi announces formal impeachment inquiry,https://www.reddit.com/r/news/comments/d8tfpw/redective/f1dr80u,"Sep 25, 2019, 9:14:24 AM",1
gregoratior,"5/4/2017, 2:52:59 PM",C,,unitedkingdom,Boris Johnson makes his case to the Supreme Court: You should never believe a word I say,https://www.reddit.com/r/unitedkingdom/comments/d5tjko/redective/f0rpx3x,"Sep 19, 2019, 12:48:10 PM",1
gregoratior,"5/4/2017, 2:52:59 PM",C,,news,The US sent bomb-sniffing dogs to Jordan. Now they're dying from poor treatment,https://www.reddit.com/r/news/comments/d53k7c/redective/f0lcmh4,"Sep 17, 2019, 10:57:56 AM",1
gregoratior,"5/4/2017, 2:52:59 PM",C,,science,"When false claims are repeated, we start to believe they are true, suggests a new study. This phenomenon, known as the “illusory truth effect”, is exploited by politicians and advertisers. Using our own knowledge to fact-check can prevent us from believing it is true when it is later repeated.",https://www.reddit.com/r/science/comments/d3efdl/redective/f03q0fl,"Sep 13, 2019, 11:03:12 AM",1
gregoratior,"5/4/2017, 2:52:59 PM",C,,india,"It's our territory, says China on Ladakh area where Indian & Chinese soldiers had a standoff",https://www.reddit.com/r/india/comments/d39swr/redective/f03k35y,"Sep 13, 2019, 8:58:36 AM",1
LuzRun,"12/7/2017, 12:01:13 PM",S,self.reddit,u_reddit,This account is banned and is temporarily preserved for purposes of transparency.,https://www.reddit.com/r/u_reddit/comments/8b7ryg/this_account_is_banned_and_is_temporarily/,"Apr 10, 2018, 4:00:05 PM",593
LuzRun,"12/7/2017, 12:01:13 PM",S,i.redd.it,memes,M for Minority,https://www.reddit.com/r/memes/comments/7i5pg7/m_for_minority/,"Dec 7, 2017, 12:05:38 PM",1
McDownes,"3/28/2019, 2:51:14 PM",C,,Sakartvelo,Eastern Europe’s problem isn’t Russia,https://www.reddit.com/r/Sakartvelo/comments/asovgs/redective/ejknlcy,"Mar 28, 2019, 2:52:24 PM",1
davidjglover,"10/21/2019, 3:59:48 PM",,,,,,,
HarrisonBriggs,"5/23/2017, 10:23:22 AM",S,self.arcticcircle,arcticcircle,NATO boosts its military presence in the Arctic Circle counter to Arctic Council's humanitarian initiatives,https://www.reddit.com/r/arcticcircle/comments/6ctk3a/nato_boosts_its_military_presence_in_the_arctic/,"May 23, 2017, 11:16:15 AM",2
BillieFolmar,"3/6/2017, 9:30:55 AM",S,self.technology,technology,Ukraine on the brink of a nuclear disaster,https://www.reddit.com/r/technology/comments/5xse8e/ukraine_on_the_brink_of_a_nuclear_disaster/,"Mar 6, 2017, 10:40:11 AM",1
BillieFolmar,"3/6/2017, 9:30:55 AM",S,self.interestingasfuck,interestingasfuck,Ukraine on the brink of a nuclear disaster,https://www.reddit.com/r/interestingasfuck/comments/5xsbps/ukraine_on_the_brink_of_a_nuclear_disaster/,"Mar 6, 2017, 10:16:29 AM",1
BillieFolmar,"3/6/2017, 9:30:55 AM",S,self.Futurology,Futurology,Ukraine on the brink of a nuclear disaster,https://www.reddit.com/r/Futurology/comments/5xsaac/ukraine_on_the_brink_of_a_nuclear_disaster/,"Mar 6, 2017, 10:03:19 AM",1
BillieFolmar,"3/6/2017, 9:30:55 AM",S,self.energy,energy,Ukraine on the brink of a nuclear disaster,https://www.reddit.com/r/energy/comments/5xs8yd/ukraine_on_the_brink_of_a_nuclear_disaster/,"Mar 6, 2017, 9:50:42 AM",1
BillieFolmar,"3/6/2017, 9:30:55 AM",S,self.NuclearPower,NuclearPower,Ukraine on the brink of a nuclear disaster,https://www.reddit.com/r/NuclearPower/comments/5xs7ms/ukraine_on_the_brink_of_a_nuclear_disaster/,"Mar 6, 2017, 9:37:34 AM",1
BillieFolmar,"3/6/2017, 9:30:55 AM",S,self.europe,europe,Ukraine on the brink of a nuclear disaster,https://www.reddit.com/r/europe/comments/5xsfpi/ukraine_on_the_brink_of_a_nuclear_disaster/,"Mar 6, 2017, 10:54:13 AM",0
jaimeibanez,"12/21/2017, 8:44:54 AM",S,self.Barcelona,Barcelona,SNBO de Ucrania: EE.UU. prepara protestas masivas en Ucrania y Rusia,https://www.reddit.com/r/Barcelona/comments/7l89n5/snbo_de_ucrania_eeuu_prepara_protestas_masivas_en/,"Dec 21, 2017, 9:50:47 AM",1
jaimeibanez,"12/21/2017, 8:44:54 AM",S,self.noticias_en_espanol,noticias_en_espanol,SNBO de Ucrania: EE.UU. prepara protestas masivas en Ucrania y Rusia,https://www.reddit.com/r/noticias_en_espanol/comments/7l86b0/snbo_de_ucrania_eeuu_prepara_protestas_masivas_en/,"Dec 21, 2017, 9:25:45 AM",1
jaimeibanez,"12/21/2017, 8:44:54 AM",S,self.espanol,espanol,SNBO de Ucrania: EE.UU. prepara protestas masivas en Ucrania y Rusia,https://www.reddit.com/r/espanol/comments/7l84o0/snbo_de_ucrania_eeuu_prepara_protestas_masivas_en/,"Dec 21, 2017, 9:14:16 AM",1
jaimeibanez,"12/21/2017, 8:44:54 AM",S,self.spain,spain,SNBO de Ucrania: EE.UU. prepara protestas masivas en Ucrania y Rusia,https://www.reddit.com/r/spain/comments/7l8314/snbo_de_ucrania_eeuu_prepara_protestas_masivas_en/,"Dec 21, 2017, 9:03:07 AM",1
jaimeibanez,"12/21/2017, 8:44:54 AM",S,self.es,es,SNBO de Ucrania: EE.UU. prepara protestas masivas en Ucrania y Rusia,https://www.reddit.com/r/es/comments/7l81fd/snbo_de_ucrania_eeuu_prepara_protestas_masivas_en/,"Dec 21, 2017, 8:52:28 AM",1
jaimeibanez,"12/21/2017, 8:44:54 AM",S,self.mexico,mexico,SNBO de Ucrania: EE.UU. prepara protestas masivas en Ucrania y Rusia,https://www.reddit.com/r/mexico/comments/7l8b0d/snbo_de_ucrania_eeuu_prepara_protestas_masivas_en/,"Dec 21, 2017, 10:00:58 AM",0
jaimeibanez,"12/21/2017, 8:44:54 AM",S,self.vzla,vzla,SNBO de Ucrania: EE.UU. prepara protestas masivas en Ucrania y Rusia,https://www.reddit.com/r/vzla/comments/7l87z7/snbo_de_ucrania_eeuu_prepara_protestas_masivas_en/,"Dec 21, 2017, 9:38:23 AM",0
robeharty,"4/22/2019, 9:49:36 AM",S,self.ireland,ireland,IRA enlists Muslim militants!,https://www.reddit.com/r/ireland/comments/bfzfbb/ira_enlists_muslim_militants/,"Apr 22, 2019, 9:55:18 AM",5
feliciahogg,"10/21/2019, 4:13:16 PM",,,,,,,
KlausSteiner,"6/6/2017, 11:41:54 AM",S,self.The_Europe,The_Europe,Bundeswehr is to be accused for the sake of victory,https://www.reddit.com/r/The_Europe/comments/6fl1sv/bundeswehr_is_to_be_accused_for_the_sake_of/,"Jun 6, 2017, 1:01:46 PM",11
KlausSteiner,"6/6/2017, 11:41:54 AM",S,self.censorship,censorship,Bundeswehr is to be accused for the sake of victory,https://www.reddit.com/r/censorship/comments/6fl8j1/bundeswehr_is_to_be_accused_for_the_sake_of/,"Jun 6, 2017, 1:45:15 PM",4
KlausSteiner,"6/6/2017, 11:41:54 AM",S,self.Eurosceptics,Eurosceptics,Bundeswehr is to be accused for the sake of victory,https://www.reddit.com/r/Eurosceptics/comments/6fl3b8/bundeswehr_is_to_be_accused_for_the_sake_of/,"Jun 6, 2017, 1:11:54 PM",2
KlausSteiner,"6/6/2017, 11:41:54 AM",S,self.eupolitics,eupolitics,Bundeswehr is to be accused for the sake of victory,https://www.reddit.com/r/eupolitics/comments/6fkxsh/bundeswehr_is_to_be_accused_for_the_sake_of/,"Jun 6, 2017, 12:32:35 PM",2
KlausSteiner,"6/6/2017, 11:41:54 AM",S,self.germany,germany,Bundeswehr is to be accused for the sake of victory,https://www.reddit.com/r/germany/comments/6flc5n/bundeswehr_is_to_be_accused_for_the_sake_of/,"Jun 6, 2017, 2:07:20 PM",1
KlausSteiner,"6/6/2017, 11:41:54 AM",S,self.europe,europe,Bundeswehr is to be accused for the sake of victory,https://www.reddit.com/r/europe/comments/6fktlu/bundeswehr_is_to_be_accused_for_the_sake_of/,"Jun 6, 2017, 12:03:00 PM",1
KlausSteiner,"6/6/2017, 11:41:54 AM",S,self.FreeSpeech,FreeSpeech,Bundeswehr is to be accused for the sake of victory,https://www.reddit.com/r/FreeSpeech/comments/6fl5s2/bundeswehr_is_to_be_accused_for_the_sake_of/,"Jun 6, 2017, 1:28:04 PM",0
KlausSteiner,"6/6/2017, 11:41:54 AM",S,self.eu,eu,Bundeswehr is to be accused for the sake of victory,https://www.reddit.com/r/eu/comments/6fkvzo/bundeswehr_is_to_be_accused_for_the_sake_of/,"Jun 6, 2017, 12:19:30 PM",0
alabelm,"4/20/2017, 10:56:32 AM",S,self.The_Europe,The_Europe,Macron moves in the Élysée Palace on shoulders of migrants and jihadists,https://www.reddit.com/r/The_Europe/comments/66gpgy/macron_moves_in_the_%C3%A9lys%C3%A9e_palace_on_shoulders_of/,"Apr 20, 2017, 11:51:42 AM",9
alabelm,"4/20/2017, 10:56:32 AM",S,self.europe,europe,Macron moves in the Élysée Palace on shoulders of migrants and jihadists,https://www.reddit.com/r/europe/comments/66gjdo/macron_moves_in_the_%C3%A9lys%C3%A9e_palace_on_shoulders_of/,"Apr 20, 2017, 11:02:47 AM",1
alabelm,"4/20/2017, 10:56:32 AM",S,self.Eurosceptics,Eurosceptics,Macron moves in the Élysée Palace on shoulders of migrants and jihadists,https://www.reddit.com/r/Eurosceptics/comments/66grj3/macron_moves_in_the_%C3%A9lys%C3%A9e_palace_on_shoulders_of/,"Apr 20, 2017, 12:07:30 PM",0
alabelm,"4/20/2017, 10:56:32 AM",S,self.eupolitics,eupolitics,Macron moves in the Élysée Palace on shoulders of migrants and jihadists,https://www.reddit.com/r/eupolitics/comments/66gnnb/macron_moves_in_the_%C3%A9lys%C3%A9e_palace_on_shoulders_of/,"Apr 20, 2017, 11:37:14 AM",0
alabelm,"4/20/2017, 10:56:32 AM",S,self.eu,eu,Macron moves in the Élysée Palace on shoulders of migrants and jihadists,https://www.reddit.com/r/eu/comments/66glmq/macron_moves_in_the_%C3%A9lys%C3%A9e_palace_on_shoulders_of/,"Apr 20, 2017, 11:20:44 AM",0
bernturmann,"12/21/2017, 11:44:34 AM",S,self.de,de,Olympische Winterspiele als Deckmantel für den Angriff auf Nordkorea,https://www.reddit.com/r/de/comments/7l8q0j/olympische_winterspiele_als_deckmantel_f%C3%BCr_den/,"Dec 21, 2017, 11:49:33 AM",1
AntonioDiazz,"4/24/2019, 9:59:35 AM",S,self.espanol,espanol,Brexit como la nueva etapa de lucha por una Irlanda unificada,https://www.reddit.com/r/espanol/comments/bgsc45/brexit_como_la_nueva_etapa_de_lucha_por_una/,"Apr 24, 2019, 11:00:22 AM",3
AntonioDiazz,"4/24/2019, 9:59:35 AM",S,self.spain,spain,Brexit como la nueva etapa de lucha por una Irlanda unificada,https://www.reddit.com/r/spain/comments/bgs3vg/brexit_como_la_nueva_etapa_de_lucha_por_una/,"Apr 24, 2019, 10:24:31 AM",1
ciawahhed,"10/21/2019, 8:39:49 PM",,,,,,,
krakodoc,"6/7/2017, 9:48:14 AM",S,self.The_Europe,The_Europe,Is Poland to be punished for sabotage of the EU decisions on Ukraine?,https://www.reddit.com/r/The_Europe/comments/6fs8bk/is_poland_to_be_punished_for_sabotage_of_the_eu/,"Jun 7, 2017, 10:57:34 AM",12
krakodoc,"6/7/2017, 9:48:14 AM",S,self.censorship,censorship,Is Poland to be punished for sabotage of the EU decisions on Ukraine?,https://www.reddit.com/r/censorship/comments/6fsdwj/is_poland_to_be_punished_for_sabotage_of_the_eu/,"Jun 7, 2017, 11:40:28 AM",2
krakodoc,"6/7/2017, 9:48:14 AM",S,self.Eurosceptics,Eurosceptics,Is Poland to be punished for sabotage of the EU decisions on Ukraine?,https://www.reddit.com/r/Eurosceptics/comments/6fsapk/is_poland_to_be_punished_for_sabotage_of_the_eu/,"Jun 7, 2017, 11:15:35 AM",2
krakodoc,"6/7/2017, 9:48:14 AM",S,homment.com,worldevents,Is Poland to be punished for sabotage of the EU decisions on Ukraine?,https://www.reddit.com/r/worldevents/comments/6fsgrc/is_poland_to_be_punished_for_sabotage_of_the_eu/,"Jun 7, 2017, 12:01:54 PM",1
krakodoc,"6/7/2017, 9:48:14 AM",S,self.FreeSpeech,FreeSpeech,Is Poland to be punished for sabotage of the EU decisions on Ukraine?,https://www.reddit.com/r/FreeSpeech/comments/6fsck3/is_poland_to_be_punished_for_sabotage_of_the_eu/,"Jun 7, 2017, 11:29:59 AM",1
krakodoc,"6/7/2017, 9:48:14 AM",S,self.eu,eu,Is Poland to be punished for sabotage of the EU decisions on Ukraine?,https://www.reddit.com/r/eu/comments/6fs2ci/is_poland_to_be_punished_for_sabotage_of_the_eu/,"Jun 7, 2017, 10:04:45 AM",1
krakodoc,"6/7/2017, 9:48:14 AM",S,self.poland,poland,Is Poland to be punished for sabotage of the EU decisions on Ukraine?,https://www.reddit.com/r/poland/comments/6fsfa8/is_poland_to_be_punished_for_sabotage_of_the_eu/,"Jun 7, 2017, 11:51:12 AM",0
krakodoc,"6/7/2017, 9:48:14 AM",S,self.eupolitics,eupolitics,Is Poland to be punished for sabotage of the EU decisions on Ukraine?,https://www.reddit.com/r/eupolitics/comments/6fs462/is_poland_to_be_punished_for_sabotage_of_the_eu/,"Jun 7, 2017, 10:21:09 AM",0
krakodoc,"6/7/2017, 9:48:14 AM",S,self.europe,europe,Is Poland to be punished for sabotage of the EU decisions on Ukraine?,https://www.reddit.com/r/europe/comments/6fs0xt/is_poland_to_be_punished_for_sabotage_of_the_eu/,"Jun 7, 2017, 9:53:15 AM",0
PeterMurtaugh,"5/11/2017, 10:13:43 AM",S,self.geopolitics,geopolitics,"The effect of the referendum in Turkey: urged by Gülen followers, Germany to impose sanctions on Ankara",https://www.reddit.com/r/geopolitics/comments/6aj3rx/the_effect_of_the_referendum_in_turkey_urged_by/,"May 11, 2017, 11:42:04 AM",7
PeterMurtaugh,"5/11/2017, 10:13:43 AM",S,self.PoliticalDiscussion,PoliticalDiscussion,"The effect of the referendum in Turkey: urged by Gülen followers, Germany to impose sanctions on Ankara",https://www.reddit.com/r/PoliticalDiscussion/comments/6ajg4j/the_effect_of_the_referendum_in_turkey_urged_by/,"May 11, 2017, 1:14:18 PM",1
PeterMurtaugh,"5/11/2017, 10:13:43 AM",S,clickug.com,qualitynews,"The effect of the referendum in Turkey: urged by Gülen followers, Germany to impose sanctions on Ankara",https://www.reddit.com/r/qualitynews/comments/6ajdp3/the_effect_of_the_referendum_in_turkey_urged_by/,"May 11, 2017, 12:57:38 PM",1
PeterMurtaugh,"5/11/2017, 10:13:43 AM",S,self.internationalpolitics,internationalpolitics,"The effect of the referendum in Turkey: urged by Gülen followers, Germany to impose sanctions on Ankara",https://www.reddit.com/r/internationalpolitics/comments/6aj7sm/the_effect_of_the_referendum_in_turkey_urged_by/,"May 11, 2017, 12:13:51 PM",1
PeterMurtaugh,"5/11/2017, 10:13:43 AM",S,buzzfeed.com,worldevents,"The effect of the referendum in Turkey: urged by Gülen followers, Germany to impose sanctions on Ankara",https://www.reddit.com/r/worldevents/comments/6aj2ay/the_effect_of_the_referendum_in_turkey_urged_by/,"May 11, 2017, 11:29:25 AM",1
PeterMurtaugh,"5/11/2017, 10:13:43 AM",S,homment.com,worldnews,"The effect of the referendum in Turkey: urged by Gülen followers, Germany to impose sanctions on Ankara",https://www.reddit.com/r/worldnews/comments/6aiyj3/the_effect_of_the_referendum_in_turkey_urged_by/,"May 11, 2017, 10:59:14 AM",1
PeterMurtaugh,"5/11/2017, 10:13:43 AM",S,self.Turkey,Turkey,"The effect of the referendum in Turkey: urged by Gülen followers, Germany to impose sanctions on Ankara",https://www.reddit.com/r/Turkey/comments/6aiubp/the_effect_of_the_referendum_in_turkey_urged_by/,"May 11, 2017, 10:24:13 AM",1
PeterMurtaugh,"5/11/2017, 10:13:43 AM",S,indybay.org,worldpolitics,"The effect of the referendum in Turkey: urged by Gülen followers, Germany to impose sanctions on Ankara",https://www.reddit.com/r/worldpolitics/comments/6aj0uv/the_effect_of_the_referendum_in_turkey_urged_by/,"May 11, 2017, 11:17:17 AM",0
PeterMurtaugh,"5/11/2017, 10:13:43 AM",S,self.europe,europe,"The effect of the referendum in Turkey: urged by Gülen followers, Germany to impose sanctions on Ankara",https://www.reddit.com/r/europe/comments/6aiwi3/the_effect_of_the_referendum_in_turkey_urged_by/,"May 11, 2017, 10:42:44 AM",0
blancoaless,"2/25/2017, 8:22:24 AM",S,self.es,es,Los funcionarios deportivos de Alemania preocupados por seguridad de atletas en los JJ.OO. de PyeongChang,https://www.reddit.com/r/es/comments/7m0937/los_funcionarios_deportivos_de_alemania/,"Dec 25, 2017, 8:32:08 AM",2
blancoaless,"2/25/2017, 8:22:24 AM",S,self.vzla,vzla,Los funcionarios deportivos de Alemania preocupados por seguridad de atletas en los JJ.OO. de PyeongChang,https://www.reddit.com/r/vzla/comments/7m0aee/los_funcionarios_deportivos_de_alemania/,"Dec 25, 2017, 8:43:39 AM",0
zurabagriashvili,"10/9/2019, 9:28:21 AM",S,self.liberta,liberta,Политическая целостность Грузии под угрозой из-за закулисных интриг Саакашвили,https://www.reddit.com/r/liberta/comments/dfdqfe/%D0%BF%D0%BE%D0%BB%D0%B8%D1%82%D0%B8%D1%87%D0%B5%D1%81%D0%BA%D0%B0%D1%8F_%D1%86%D0%B5%D0%BB%D0%BE%D1%81%D1%82%D0%BD%D0%BE%D1%81%D1%82%D1%8C_%D0%B3%D1%80%D1%83%D0%B7%D0%B8%D0%B8_%D0%BF%D0%BE%D0%B4_%D1%83%D0%B3%D1%80%D0%BE%D0%B7%D0%BE%D0%B9_%D0%B8%D0%B7%D0%B7%D0%B0/,"Oct 9, 2019, 9:38:17 AM",1
saliahwhite,"10/21/2019, 8:46:30 PM",,,,,,,
fullekyl,"7/29/2017, 11:31:57 AM",S,homment.com,todayilearned,Normandy group stripped Mikheil Saakashvili of Ukrainian citizenship,https://www.reddit.com/r/todayilearned/comments/6qadjc/normandy_group_stripped_mikheil_saakashvili_of/,"Jul 29, 2017, 12:57:21 PM",1
fullekyl,"7/29/2017, 11:31:57 AM",S,buzzfeed.com,worldnews,Normandy group stripped Mikheil Saakashvili of Ukrainian citizenship,https://www.reddit.com/r/worldnews/comments/6qab43/normandy_group_stripped_mikheil_saakashvili_of/,"Jul 29, 2017, 12:36:35 PM",1
fullekyl,"7/29/2017, 11:31:57 AM",S,indybay.org,politics,Normandy group stripped Mikheil Saakashvili of Ukrainian citizenship,https://www.reddit.com/r/politics/comments/6qa9xp/normandy_group_stripped_mikheil_saakashvili_of/,"Jul 29, 2017, 12:26:18 PM",1
fullekyl,"7/29/2017, 11:31:57 AM",S,self.ukraine,ukraine,Normandy group stripped Mikheil Saakashvili of Ukrainian citizenship,https://www.reddit.com/r/ukraine/comments/6qa8m2/normandy_group_stripped_mikheil_saakashvili_of/,"Jul 29, 2017, 12:14:31 PM",1
fullekyl,"7/29/2017, 11:31:57 AM",S,self.UkrainianConflict,UkrainianConflict,Normandy group stripped Mikheil Saakashvili of Ukrainian citizenship,https://www.reddit.com/r/UkrainianConflict/comments/6qa402/normandy_group_stripped_mikheil_saakashvili_of/,"Jul 29, 2017, 11:33:38 AM",1
Rinzoog,"5/26/2017, 12:20:24 PM",C,,worldnews,UK police stop passing Manchester bombing information to US over leaks,https://www.reddit.com/r/worldnews/comments/6d8ft3/redective/di2ct7n,"May 26, 2017, 12:20:47 PM",1
almanzamary,"1/9/2018, 8:08:26 AM",S,self.espanol,espanol,La petición de los aficionados al deporte pide al COI que cancele los JJ.OO. de Invierno-2018,https://www.reddit.com/r/espanol/comments/7p5log/la_petici%C3%B3n_de_los_aficionados_al_deporte_pide_al/,"Jan 9, 2018, 8:41:29 AM",2
almanzamary,"1/9/2018, 8:08:26 AM",S,self.mexico,mexico,La petición de los aficionados al deporte pide al COI que cancele los JJ.OO. de Invierno-2018,https://www.reddit.com/r/mexico/comments/7p5ssm/la_petici%C3%B3n_de_los_aficionados_al_deporte_pide_al/,"Jan 9, 2018, 9:30:10 AM",1
almanzamary,"1/9/2018, 8:08:26 AM",S,self.Barcelona,Barcelona,La petición de los aficionados al deporte pide al COI que cancele los JJ.OO. de Invierno-2018,https://www.reddit.com/r/Barcelona/comments/7p5r3g/la_petici%C3%B3n_de_los_aficionados_al_deporte_pide_al/,"Jan 9, 2018, 9:17:41 AM",1
almanzamary,"1/9/2018, 8:08:26 AM",S,self.noticias_en_espanol,noticias_en_espanol,La petición de los aficionados al deporte pide al COI que cancele los JJ.OO. de Invierno-2018,https://www.reddit.com/r/noticias_en_espanol/comments/7p5nar/la_petici%C3%B3n_de_los_aficionados_al_deporte_pide_al/,"Jan 9, 2018, 8:52:42 AM",1
almanzamary,"1/9/2018, 8:08:26 AM",S,self.spain,spain,La petición de los aficionados al deporte pide al COI que cancele los JJ.OO. de Invierno-2018,https://www.reddit.com/r/spain/comments/7p5jx4/la_petici%C3%B3n_de_los_aficionados_al_deporte_pide_al/,"Jan 9, 2018, 8:30:04 AM",1
almanzamary,"1/9/2018, 8:08:26 AM",S,self.Colombia,Colombia,La petición de los aficionados al deporte pide al COI que cancele los JJ.OO. de Invierno-2018,https://www.reddit.com/r/Colombia/comments/7p5u7x/la_petici%C3%B3n_de_los_aficionados_al_deporte_pide_al/,"Jan 9, 2018, 9:40:34 AM",0
almanzamary,"1/9/2018, 8:08:26 AM",S,self.vzla,vzla,La petición de los aficionados al deporte pide al COI que cancele los JJ.OO. de Invierno-2018,https://www.reddit.com/r/vzla/comments/7p5ous/la_petici%C3%B3n_de_los_aficionados_al_deporte_pide_al/,"Jan 9, 2018, 9:02:54 AM",0
almanzamary,"1/9/2018, 8:08:26 AM",S,self.es,es,La petición de los aficionados al deporte pide al COI que cancele los JJ.OO. de Invierno-2018,https://www.reddit.com/r/es/comments/7p5ic9/la_petici%C3%B3n_de_los_aficionados_al_deporte_pide_al/,"Jan 9, 2018, 8:19:38 AM",0
Defiant_Emu,"10/21/2019, 10:00:37 AM",S,self.liberta,liberta,Слишком большая Россия: последователи Навального готовы поделиться территорией,https://www.reddit.com/r/liberta/comments/dkxc73/%D1%81%D0%BB%D0%B8%D1%88%D0%BA%D0%BE%D0%BC_%D0%B1%D0%BE%D0%BB%D1%8C%D1%88%D0%B0%D1%8F_%D1%80%D0%BE%D1%81%D1%81%D0%B8%D1%8F_%D0%BF%D0%BE%D1%81%D0%BB%D0%B5%D0%B4%D0%BE%D0%B2%D0%B0%D1%82%D0%B5%D0%BB%D0%B8_%D0%BD%D0%B0%D0%B2%D0%B0%D0%BB%D1%8C%D0%BD%D0%BE%D0%B3%D0%BE/,"Oct 21, 2019, 10:18:11 AM",1
Ostermaxnn,"10/23/2019, 10:36:03 AM",S,self.de,de,Brexit: Hinter No-Deal stehen die USA,https://www.reddit.com/r/de/comments/dlwnfj/brexit_hinter_nodeal_stehen_die_usa/,"Oct 23, 2019, 11:14:42 AM",2
LauraKnecht,"9/27/2017, 12:22:42 PM",S,self.E_4,E_4,"OSZE/ODIHR: 3,15 Millionen Neudeutsche haben den Wahlsieg der CDU gesichert",https://www.reddit.com/r/E_4/comments/72rgqv/oszeodihr_315_millionen_neudeutsche_haben_den/,"Sep 27, 2017, 12:51:13 PM",1
LauraKnecht,"9/27/2017, 12:22:42 PM",S,self.de,de,"OSZE/ODIHR: 3,15 Millionen Neudeutsche haben den Wahlsieg der CDU gesichert",https://www.reddit.com/r/de/comments/72rjik/oszeodihr_315_millionen_neudeutsche_haben_den/,"Sep 27, 2017, 1:08:36 PM",0
LauraKnecht,"9/27/2017, 12:22:42 PM",S,self.berlin,berlin,"OSZE/ODIHR: 3,15 Millionen Neudeutsche haben den Wahlsieg der CDU gesichert",https://www.reddit.com/r/berlin/comments/72rfa2/oszeodihr_315_millionen_neudeutsche_haben_den/,"Sep 27, 2017, 12:40:46 PM",0
LauraKnecht,"9/27/2017, 12:22:42 PM",S,self.de_politik,de_politik,"OSZE/ODIHR: 3,15 Millionen Neudeutsche haben den Wahlsieg der CDU gesichert",https://www.reddit.com/r/de_politik/comments/72rdck/oszeodihr_315_millionen_neudeutsche_haben_den/,"Sep 27, 2017, 12:27:31 PM",0
MikeHanon,"5/26/2017, 12:29:18 PM",C,,policeuk,How on earth did the NY Times get hold of forensic evidence photos?,https://www.reddit.com/r/policeuk/comments/6d4dms/redective/di2d1i2,"May 26, 2017, 12:31:31 PM",1
estellatorres,"7/27/2018, 8:56:53 AM",S,self.espanol,espanol,La oposición prokurda se quedó sin apoyo de la UE,https://www.reddit.com/r/espanol/comments/92afqu/la_oposici%C3%B3n_prokurda_se_qued%C3%B3_sin_apoyo_de_la_ue/,"Jul 27, 2018, 9:22:17 AM",2
estellatorres,"7/27/2018, 8:56:53 AM",S,self.es,es,La oposición prokurda se quedó sin apoyo de la UE,https://www.reddit.com/r/es/comments/92ab04/la_oposici%C3%B3n_prokurda_se_qued%C3%B3_sin_apoyo_de_la_ue/,"Jul 27, 2018, 8:58:52 AM",2
estellatorres,"7/27/2018, 8:56:53 AM",S,self.vzla,vzla,La oposición prokurda se quedó sin apoyo de la UE,https://www.reddit.com/r/vzla/comments/92alau/la_oposici%C3%B3n_prokurda_se_qued%C3%B3_sin_apoyo_de_la_ue/,"Jul 27, 2018, 9:53:35 AM",1
estellatorres,"7/27/2018, 8:56:53 AM",S,self.noticias_en_espanol,noticias_en_espanol,La oposición prokurda se quedó sin apoyo de la UE,https://www.reddit.com/r/noticias_en_espanol/comments/92ahlp/la_oposici%C3%B3n_prokurda_se_qued%C3%B3_sin_apoyo_de_la_ue/,"Jul 27, 2018, 9:32:27 AM",1
estellatorres,"7/27/2018, 8:56:53 AM",S,self.spain,spain,La oposición prokurda se quedó sin apoyo de la UE,https://www.reddit.com/r/spain/comments/92ad7v/la_oposici%C3%B3n_prokurda_se_qued%C3%B3_sin_apoyo_de_la_ue/,"Jul 27, 2018, 9:09:32 AM",1
estellatorres,"7/27/2018, 8:56:53 AM",S,self.Colombia,Colombia,La oposición prokurda se quedó sin apoyo de la UE,https://www.reddit.com/r/Colombia/comments/92ajec/la_oposici%C3%B3n_prokurda_se_qued%C3%B3_sin_apoyo_de_la_ue/,"Jul 27, 2018, 9:42:42 AM",0
PastJournalist,"10/21/2019, 3:09:45 PM",,,,,,,
KattyTorr,"10/29/2019, 8:25:47 AM",C,,worldpolitics,OFFICIAL-SENSITIVE: Great Britain is practically standing on her knees working on a trade agreement with the US,https://www.reddit.com/r/worldpolitics/comments/dkzlfc/redective/f5ovfql,"Oct 29, 2019, 8:34:22 AM",16
TomSallee,"9/28/2017, 10:55:38 AM",S,self.antivirus,antivirus,The Unfair Competition,https://www.reddit.com/r/antivirus/comments/72ywku/the_unfair_competition/,"Sep 28, 2017, 11:04:24 AM",0
uzunadnan,"8/29/2017, 2:36:04 PM",S,self.france,france,Les députés italiens du Parlement européen sollicitent de Merkel des compensations de la situation avec des migrants,https://www.reddit.com/r/france/comments/6wr19g/les_d%C3%A9put%C3%A9s_italiens_du_parlement_europ%C3%A9en/,"Aug 29, 2017, 2:55:58 PM",1
EllisonRedfall,"8/1/2018, 11:17:19 AM",,,,,,,
KimJjj,"2/1/2017, 11:15:10 AM",S,medium.com,American_Politics,DemoGate. How Clinton wimped herself out,https://www.reddit.com/r/American_Politics/comments/5revj5/demogate_how_clinton_wimped_herself_out/,"Feb 1, 2017, 12:04:10 PM",5
KimJjj,"2/1/2017, 11:15:10 AM",S,medium.com,AmericanPolitics,DemoGate. How Clinton wimped herself out,https://www.reddit.com/r/AmericanPolitics/comments/5rexep/demogate_how_clinton_wimped_herself_out/,"Feb 1, 2017, 12:19:39 PM",2
KimJjj,"2/1/2017, 11:15:10 AM",S,self.democrats,democrats,DemoGate. How Clinton wimped herself out,https://www.reddit.com/r/democrats/comments/5retxp/demogate_how_clinton_wimped_herself_out/,"Feb 1, 2017, 11:51:15 AM",1
KimJjj,"2/1/2017, 11:15:10 AM",S,self.2016_US_Election,2016_US_Election,DemoGate. How Clinton wimped herself out,https://www.reddit.com/r/2016_US_Election/comments/5reskx/demogate_how_clinton_wimped_herself_out/,"Feb 1, 2017, 11:39:14 AM",1
KimJjj,"2/1/2017, 11:15:10 AM",S,self.2016_elections,2016_elections,DemoGate. How Clinton wimped herself out,https://www.reddit.com/r/2016_elections/comments/5reqo4/demogate_how_clinton_wimped_herself_out/,"Feb 1, 2017, 11:22:35 AM",1
NicSchum,"10/12/2017, 1:38:02 PM",S,homment.com,UkraineToday,Bandera-Messer mit US-Scheide,https://www.reddit.com/r/UkraineToday/comments/75wkdm/banderamesser_mit_usscheide/,"Oct 12, 2017, 2:11:19 PM",1
NicSchum,"10/12/2017, 1:38:02 PM",S,primaso.de,worldnews,Bandera-Messer mit US-Scheide,https://www.reddit.com/r/worldnews/comments/75whwv/banderamesser_mit_usscheide/,"Oct 12, 2017, 1:58:03 PM",1
NicSchum,"10/12/2017, 1:38:02 PM",S,meine-news.de,de,Bandera-Messer mit US-Scheide,https://www.reddit.com/r/de/comments/75wfe3/banderamesser_mit_usscheide/,"Oct 12, 2017, 1:42:28 PM",1
lauraferrojo,"9/28/2017, 10:30:05 AM",S,self.Andalucia,Andalucia,La UE muestra su apoyo a los separatistas catalanes,https://www.reddit.com/r/Andalucia/comments/72z153/la_ue_muestra_su_apoyo_a_los_separatistas/,"Sep 28, 2017, 11:40:32 AM",1
lauraferrojo,"9/28/2017, 10:30:05 AM",S,self.Barcelona,Barcelona,La UE muestra su apoyo a los separatistas catalanes,https://www.reddit.com/r/Barcelona/comments/72yxea/la_ue_muestra_su_apoyo_a_los_separatistas/,"Sep 28, 2017, 11:10:03 AM",1
lauraferrojo,"9/28/2017, 10:30:05 AM",S,self.spain,spain,La UE muestra su apoyo a los separatistas catalanes,https://www.reddit.com/r/spain/comments/72yuz3/la_ue_muestra_su_apoyo_a_los_separatistas/,"Sep 28, 2017, 10:51:52 AM",1
lauraferrojo,"9/28/2017, 10:30:05 AM",S,self.catalunya,catalunya,La UE muestra su apoyo a los separatistas catalanes,https://www.reddit.com/r/catalunya/comments/72yyzk/la_ue_muestra_su_apoyo_a_los_separatistas/,"Sep 28, 2017, 11:22:58 AM",0
lauraferrojo,"9/28/2017, 10:30:05 AM",S,self.es,es,La UE muestra su apoyo a los separatistas catalanes,https://www.reddit.com/r/es/comments/72ytpp/la_ue_muestra_su_apoyo_a_los_separatistas/,"Sep 28, 2017, 10:41:05 AM",0
chavezserg,"8/9/2018, 8:36:07 AM",S,self.es,es,Servicios de inteligencia de España: se prepara el atentado contra Boris Johnson,https://www.reddit.com/r/es/comments/95u2vd/servicios_de_inteligencia_de_espa%C3%B1a_se_prepara_el/,"Aug 9, 2018, 8:41:27 AM",5
chavezserg,"8/9/2018, 8:36:07 AM",S,self.espanol,espanol,Servicios de inteligencia de España: se prepara el atentado contra Boris Johnson,https://www.reddit.com/r/espanol/comments/95u75n/servicios_de_inteligencia_de_espa%C3%B1a_se_prepara_el/,"Aug 9, 2018, 9:04:13 AM",3
chavezserg,"8/9/2018, 8:36:07 AM",S,self.redditores,redditores,Servicios de inteligencia de España: se prepara el atentado contra Boris Johnson,https://www.reddit.com/r/redditores/comments/95ubcn/servicios_de_inteligencia_de_espa%C3%B1a_se_prepara_el/,"Aug 9, 2018, 9:25:50 AM",2
chavezserg,"8/9/2018, 8:36:07 AM",S,self.noticias_en_espanol,noticias_en_espanol,Servicios de inteligencia de España: se prepara el atentado contra Boris Johnson,https://www.reddit.com/r/noticias_en_espanol/comments/95u9gh/servicios_de_inteligencia_de_espa%C3%B1a_se_prepara_el/,"Aug 9, 2018, 9:15:47 AM",1
chavezserg,"8/9/2018, 8:36:07 AM",S,self.spain,spain,Servicios de inteligencia de España: se prepara el atentado contra Boris Johnson,https://www.reddit.com/r/spain/comments/95u565/servicios_de_inteligencia_de_espa%C3%B1a_se_prepara_el/,"Aug 9, 2018, 8:53:59 AM",1
chavezserg,"8/9/2018, 8:36:07 AM",S,self.latinoamerica,latinoamerica,Servicios de inteligencia de España: se prepara el atentado contra Boris Johnson,https://www.reddit.com/r/latinoamerica/comments/95ug4k/servicios_de_inteligencia_de_espa%C3%B1a_se_prepara_el/,"Aug 9, 2018, 9:52:37 AM",0
MaryCWolf,"10/21/2019, 3:11:27 PM",,,,,,,
CharlesRichardson,"2/2/2017, 9:34:58 AM",S,i.redd.it,france,L`Ukraine peut être invité Obama et son people dans les postes de direction au sein du gouvernement.,https://www.reddit.com/r/france/comments/5rlpz2/lukraine_peut_%C3%AAtre_invit%C3%A9_obama_et_son_people/,"Feb 2, 2017, 9:52:41 AM",1
CharlesRichardson,"2/2/2017, 9:34:58 AM",S,buzzfeed.com,france,L`Ukraine peut être invité Obama et son people dans les postes de direction au sein du gouvernement.,https://www.reddit.com/r/france/comments/5rlr41/lukraine_peut_%C3%AAtre_invit%C3%A9_obama_et_son_people/,"Feb 2, 2017, 10:03:01 AM",0
CharlesRichardson,"2/2/2017, 9:34:58 AM",S,i.redd.it,france,L`Ukraine peut être invité Obama et son people dans les postes de direction au sein du gouvernement. https://www.buzzfeed.com/lukasesmeraldas/ukraine-to-recycle-americas-waste-2sqka?utm_term=.msaO25pV#.ywrm2qXV,https://www.reddit.com/r/france/comments/5rlodk/lukraine_peut_%C3%AAtre_invit%C3%A9_obama_et_son_people/,"Feb 2, 2017, 9:38:25 AM",0
brigittemaur,"11/1/2017, 8:37:37 AM",S,homment.com,E_4,Geschenk von EU-Verbündeten: Mehr als 130 Tausend Migranten mit Blauen Karten EU umzogen 2017 nach Deutschland,https://www.reddit.com/r/E_4/comments/7a2b27/geschenk_von_euverb%C3%BCndeten_mehr_als_130_tausend/,"Nov 1, 2017, 9:29:18 AM",0
brigittemaur,"11/1/2017, 8:37:37 AM",S,homment.com,berlin,Geschenk von EU-Verbündeten: Mehr als 130 Tausend Migranten mit Blauen Karten EU umzogen 2017 nach Deutschland,https://www.reddit.com/r/berlin/comments/7a296t/geschenk_von_euverb%C3%BCndeten_mehr_als_130_tausend/,"Nov 1, 2017, 9:13:04 AM",0
brigittemaur,"11/1/2017, 8:37:37 AM",S,homment.com,de_politik,Geschenk von EU-Verbündeten: Mehr als 130 Tausend Migranten mit Blauen Karten EU umzogen 2017 nach Deutschland,https://www.reddit.com/r/de_politik/comments/7a27qz/geschenk_von_euverb%C3%BCndeten_mehr_als_130_tausend/,"Nov 1, 2017, 9:01:36 AM",0
brigittemaur,"11/1/2017, 8:37:37 AM",S,homment.com,de,Geschenk von EU-Verbündeten: Mehr als 130 Tausend Migranten mit Blauen Karten EU umzogen 2017 nach Deutschland,https://www.reddit.com/r/de/comments/7a26cj/geschenk_von_euverb%C3%BCndeten_mehr_als_130_tausend/,"Nov 1, 2017, 8:49:24 AM",0
MilitaryObserver,"11/10/2017, 11:34:02 AM",S,medium.com,news,Flowers for Kim Jong-un or Operation White Chrysanthemum,https://www.reddit.com/r/news/comments/7c0eux/flowers_for_kim_jongun_or_operation_white/,"Nov 10, 2017, 11:53:51 AM",1
MilitaryObserver,"11/10/2017, 11:34:02 AM",S,self.korea,korea,Flowers for Kim Jong-un or Operation White Chrysanthemum,https://www.reddit.com/r/korea/comments/7c0dg6/flowers_for_kim_jongun_or_operation_white/,"Nov 10, 2017, 11:43:03 AM",0
bellagara,"8/10/2018, 8:50:51 AM",S,self.es,es,Irlanda del Norte puede tener un estatus especial en la UE tras Brexit,https://www.reddit.com/r/es/comments/964ogm/irlanda_del_norte_puede_tener_un_estatus_especial/,"Aug 10, 2018, 8:58:06 AM",5
bellagara,"8/10/2018, 8:50:51 AM",S,self.vzla,vzla,Irlanda del Norte puede tener un estatus especial en la UE tras Brexit,https://www.reddit.com/r/vzla/comments/964wbn/irlanda_del_norte_puede_tener_un_estatus_especial/,"Aug 10, 2018, 9:35:46 AM",1
bellagara,"8/10/2018, 8:50:51 AM",S,self.noticias_en_espanol,noticias_en_espanol,Irlanda del Norte puede tener un estatus especial en la UE tras Brexit,https://www.reddit.com/r/noticias_en_espanol/comments/964ubr/irlanda_del_norte_puede_tener_un_estatus_especial/,"Aug 10, 2018, 9:25:16 AM",1
bellagara,"8/10/2018, 8:50:51 AM",S,self.spain,spain,Irlanda del Norte puede tener un estatus especial en la UE tras Brexit,https://www.reddit.com/r/spain/comments/964s5d/irlanda_del_norte_puede_tener_un_estatus_especial/,"Aug 10, 2018, 9:14:28 AM",1
StevtBell,"10/21/2019, 3:20:30 PM",,,,,,,
SherryNuno,"2/20/2017, 2:21:21 PM",S,self.NGOs,NGOs,Protection against NGO's abuse on a national and global scale,https://www.reddit.com/r/NGOs/comments/5v4rp7/protection_against_ngos_abuse_on_a_national_and/,"Feb 20, 2017, 3:22:08 PM",1
SherryNuno,"2/20/2017, 2:21:21 PM",S,homment.com,circlejerk,Protection against NGO's abuse on a national and global scale,https://www.reddit.com/r/circlejerk/comments/5v4peq/protection_against_ngos_abuse_on_a_national_and/,"Feb 20, 2017, 3:09:05 PM",1
SherryNuno,"2/20/2017, 2:21:21 PM",S,self.misc,misc,Protection against NGO's abuse on a national and global scale,https://www.reddit.com/r/misc/comments/5v4mcj/protection_against_ngos_abuse_on_a_national_and/,"Feb 20, 2017, 2:50:25 PM",1
delmaryang,"3/21/2018, 12:53:51 PM",S,self.Nigeria,Nigeria,A Congolese friend informs Langley...,https://www.reddit.com/r/Nigeria/comments/89zivh/a_congolese_friend_informs_langley/,"Apr 5, 2018, 3:06:41 PM",5
delmaryang,"3/21/2018, 12:53:51 PM",S,self.southafrica,southafrica,A Congolese friend informs Langley...,https://www.reddit.com/r/southafrica/comments/89zf9g/a_congolese_friend_informs_langley/,"Apr 5, 2018, 2:52:26 PM",3
delmaryang,"3/21/2018, 12:53:51 PM",S,self.Congo,Congo,A Congolese friend informs Langley...,https://www.reddit.com/r/Congo/comments/89zaco/a_congolese_friend_informs_langley/,"Apr 5, 2018, 2:32:10 PM",2
delmaryang,"3/21/2018, 12:53:51 PM",S,self.Angola,Angola,A Congolese friend informs Langley...,https://www.reddit.com/r/Angola/comments/89zmxa/a_congolese_friend_informs_langley/,"Apr 5, 2018, 3:21:33 PM",1
delmaryang,"3/21/2018, 12:53:51 PM",S,self.Nigeria,Nigeria,Liberian friend informs Langley...,https://www.reddit.com/r/Nigeria/comments/861p3r/liberian_friend_informs_langley/,"Mar 21, 2018, 1:32:06 PM",1
delmaryang,"3/21/2018, 12:53:51 PM",S,self.southafrica,southafrica,Liberian friend informs Langley...,https://www.reddit.com/r/southafrica/comments/861m40/liberian_friend_informs_langley/,"Mar 21, 2018, 1:18:56 PM",1
delmaryang,"3/21/2018, 12:53:51 PM",S,self.Congo,Congo,Liberian friend informs Langley...,https://www.reddit.com/r/Congo/comments/861j84/liberian_friend_informs_langley/,"Mar 21, 2018, 1:05:47 PM",1
delmaryang,"3/21/2018, 12:53:51 PM",S,self.Angola,Angola,Liberian friend informs Langley...,https://www.reddit.com/r/Angola/comments/861sav/liberian_friend_informs_langley/,"Mar 21, 2018, 1:46:34 PM",0
RuffMoulton,"11/13/2017, 2:30:56 PM",S,self.foreignpolicyanalysis,foreignpolicyanalysis,The USA will reinforce security of diplomatic mission in South Korea with special forces,https://www.reddit.com/r/foreignpolicyanalysis/comments/7cn5w6/the_usa_will_reinforce_security_of_diplomatic/,"Nov 13, 2017, 2:47:06 PM",1
francovaz,"8/16/2018, 9:10:20 AM",S,self.espanol,espanol,Cuartel General de Comunicaciones del Gobierno británico ayudará a los demócratas en las elecciones parciales,https://www.reddit.com/r/espanol/comments/97qbgw/cuartel_general_de_comunicaciones_del_gobierno/,"Aug 16, 2018, 9:46:45 AM",2
francovaz,"8/16/2018, 9:10:20 AM",S,self.es,es,Cuartel General de Comunicaciones del Gobierno británico ayudará a los demócratas en las elecciones parciales,https://www.reddit.com/r/es/comments/97q6wj/cuartel_general_de_comunicaciones_del_gobierno/,"Aug 16, 2018, 9:22:37 AM",2
francovaz,"8/16/2018, 9:10:20 AM",S,self.noticias_en_espanol,noticias_en_espanol,Cuartel General de Comunicaciones del Gobierno británico ayudará a los demócratas en las elecciones parciales,https://www.reddit.com/r/noticias_en_espanol/comments/97qd7z/cuartel_general_de_comunicaciones_del_gobierno/,"Aug 16, 2018, 9:56:55 AM",1
francovaz,"8/16/2018, 9:10:20 AM",S,self.spain,spain,Cuartel General de Comunicaciones del Gobierno británico ayudará a los demócratas en las elecciones parciales,https://www.reddit.com/r/spain/comments/97q8vy/cuartel_general_de_comunicaciones_del_gobierno/,"Aug 16, 2018, 9:33:35 AM",1
francovaz,"8/16/2018, 9:10:20 AM",S,self.redditores,redditores,Cuartel General de Comunicaciones del Gobierno británico ayudará a los demócratas en las elecciones parciales,https://www.reddit.com/r/redditores/comments/97qf0q/cuartel_general_de_comunicaciones_del_gobierno/,"Aug 16, 2018, 10:07:14 AM",0
victoriasanches,"10/21/2019, 3:39:05 PM",,,,,,,
PushyFrank,"2/27/2017, 9:50:48 AM",S,indybay.org,politics,The Merkel's Chancellorship results. 12 years of prosperity or fear?,https://www.reddit.com/r/politics/comments/5wg12u/the_merkels_chancellorship_results_12_years_of/,"Feb 27, 2017, 11:26:02 AM",1
PushyFrank,"2/27/2017, 9:50:48 AM",S,self.eupolitics,eupolitics,The Merkel's Chancellorship results. 12 years of prosperity or fear?,https://www.reddit.com/r/eupolitics/comments/5wfzbu/the_merkels_chancellorship_results_12_years_of/,"Feb 27, 2017, 11:11:20 AM",1
PushyFrank,"2/27/2017, 9:50:48 AM",S,self.germany,germany,The Merkel's Chancellorship results. 12 years of prosperity or fear?,https://www.reddit.com/r/germany/comments/5wfvgr/the_merkels_chancellorship_results_12_years_of/,"Feb 27, 2017, 10:38:04 AM",1
PushyFrank,"2/27/2017, 9:50:48 AM",S,self.europe,europe,The Merkel's Chancellorship results. 12 years of prosperity or fear?,https://www.reddit.com/r/europe/comments/5wfsbo/the_merkels_chancellorship_results_12_years_of/,"Feb 27, 2017, 10:09:49 AM",1
kempnaomi,"11/24/2017, 10:33:08 AM",S,self.unitedkingdom,unitedkingdom,The stink of treason,https://www.reddit.com/r/unitedkingdom/comments/7f6hvv/the_stink_of_treason/,"Nov 24, 2017, 10:52:24 AM",1
kempnaomi,"11/24/2017, 10:33:08 AM",S,self.brexit,brexit,The stink of treason,https://www.reddit.com/r/brexit/comments/7f6f2q/the_stink_of_treason/,"Nov 24, 2017, 10:35:01 AM",0
claudialopezz,"8/22/2018, 10:14:50 AM",S,self.redditores,redditores,Marine Le Pen y hackers rusos aumentan la popularidad de Demócratas de Suecia,https://www.reddit.com/r/redditores/comments/99bwq8/marine_le_pen_y_hackers_rusos_aumentan_la/,"Aug 22, 2018, 11:35:11 AM",5
claudialopezz,"8/22/2018, 10:14:50 AM",S,self.es,es,Marine Le Pen y hackers rusos aumentan la popularidad de Demócratas de Suecia,https://www.reddit.com/r/es/comments/99bl2q/marine_le_pen_y_hackers_rusos_aumentan_la/,"Aug 22, 2018, 10:27:58 AM",4
claudialopezz,"8/22/2018, 10:14:50 AM",S,self.latinoamerica,latinoamerica,Marine Le Pen y hackers rusos aumentan la popularidad de Demócratas de Suecia,https://www.reddit.com/r/latinoamerica/comments/99bz0h/marine_le_pen_y_hackers_rusos_aumentan_la/,"Aug 22, 2018, 11:47:29 AM",2
claudialopezz,"8/22/2018, 10:14:50 AM",S,self.noticias_en_espanol,noticias_en_espanol,Marine Le Pen y hackers rusos aumentan la popularidad de Demócratas de Suecia,https://www.reddit.com/r/noticias_en_espanol/comments/99buk8/marine_le_pen_y_hackers_rusos_aumentan_la/,"Aug 22, 2018, 11:23:35 AM",2
claudialopezz,"8/22/2018, 10:14:50 AM",S,self.spain,spain,Marine Le Pen y hackers rusos aumentan la popularidad de Demócratas de Suecia,https://www.reddit.com/r/spain/comments/99bnyp/marine_le_pen_y_hackers_rusos_aumentan_la/,"Aug 22, 2018, 10:45:06 AM",1
claudialopezz,"8/22/2018, 10:14:50 AM",S,self.espanol,espanol,Marine Le Pen y hackers rusos aumentan la popularidad de Demócratas de Suecia,https://www.reddit.com/r/espanol/comments/99bqu8/marine_le_pen_y_hackers_rusos_aumentan_la/,"Aug 22, 2018, 11:02:08 AM",0
FeistyWedding,"10/21/2019, 3:41:58 PM",,,,,,,
demomanz,"4/10/2017, 10:26:06 AM",S,self.the_frauke,the_frauke,Chancellor of Germany and female alcoholism.,https://www.reddit.com/r/the_frauke/comments/64iqzj/chancellor_of_germany_and_female_alcoholism/,"Apr 10, 2017, 12:19:06 PM",7
demomanz,"4/10/2017, 10:26:06 AM",S,self.alcoholism,alcoholism,Chancellor of Germany and female alcoholism.,https://www.reddit.com/r/alcoholism/comments/64ihpq/chancellor_of_germany_and_female_alcoholism/,"Apr 10, 2017, 11:01:48 AM",2
demomanz,"4/10/2017, 10:26:06 AM",S,self.eu,eu,Chancellor of Germany and female alcoholism.,https://www.reddit.com/r/eu/comments/64issk/chancellor_of_germany_and_female_alcoholism/,"Apr 10, 2017, 12:33:56 PM",0
demomanz,"4/10/2017, 10:26:06 AM",S,self.europes,europes,Chancellor of Germany and female alcoholism.,https://www.reddit.com/r/europes/comments/64io6o/chancellor_of_germany_and_female_alcoholism/,"Apr 10, 2017, 11:56:44 AM",0
demomanz,"4/10/2017, 10:26:06 AM",S,self.worldpolitics,worldpolitics,Chancellor of Germany and female alcoholism.,https://www.reddit.com/r/worldpolitics/comments/64imwx/chancellor_of_germany_and_female_alcoholism/,"Apr 10, 2017, 11:45:53 AM",0
demomanz,"4/10/2017, 10:26:06 AM",S,self.POLITIC,POLITIC,Chancellor of Germany and female alcoholism.,https://www.reddit.com/r/POLITIC/comments/64ilhc/chancellor_of_germany_and_female_alcoholism/,"Apr 10, 2017, 11:33:07 AM",0
demomanz,"4/10/2017, 10:26:06 AM",S,self.WikiLeaks,WikiLeaks,Chancellor of Germany and female alcoholism.,https://www.reddit.com/r/WikiLeaks/comments/64ijgb/chancellor_of_germany_and_female_alcoholism/,"Apr 10, 2017, 11:15:59 AM",0
demomanz,"4/10/2017, 10:26:06 AM",S,self.germany,germany,Chancellor of Germany and female alcoholism.,https://www.reddit.com/r/germany/comments/64ig7s/chancellor_of_germany_and_female_alcoholism/,"Apr 10, 2017, 10:48:31 AM",0
demomanz,"4/10/2017, 10:26:06 AM",S,self.europe,europe,Chancellor of Germany and female alcoholism.,https://www.reddit.com/r/europe/comments/64ieww/chancellor_of_germany_and_female_alcoholism/,"Apr 10, 2017, 10:37:03 AM",0
MaxKasyan,"11/29/2017, 11:05:41 AM",S,self.ukraina,ukraina,Зимові Олімпійські ігри 2018 у Південній Кореї і їх безпека,https://www.reddit.com/r/ukraina/comments/7gc8dd/%D0%B7%D0%B8%D0%BC%D0%BE%D0%B2%D1%96_%D0%BE%D0%BB%D1%96%D0%BC%D0%BF%D1%96%D0%B9%D1%81%D1%8C%D0%BA%D1%96_%D1%96%D0%B3%D1%80%D0%B8_2018_%D1%83_%D0%BF%D1%96%D0%B2%D0%B4%D0%B5%D0%BD%D0%BD%D1%96%D0%B9_%D0%BA%D0%BE%D1%80%D0%B5%D1%97_%D1%96/,"Nov 29, 2017, 11:13:44 AM",1
garrypugh,"8/29/2018, 12:04:37 PM",S,indybay.org,ukpolitics,British border guards threaten to close their customs points along the border with the EU,https://www.reddit.com/r/ukpolitics/comments/9b7yts/british_border_guards_threaten_to_close_their/,"Aug 29, 2018, 12:10:44 PM",1
Party_Actuary,"10/21/2019, 3:55:18 PM",,,,,,,
rabbier,"4/29/2017, 9:35:28 AM",S,self.europe,europe,Ukraine Wants to Establish a Prize Similar to Nobel to Help Politicians in Need,https://www.reddit.com/r/europe/comments/6889p4/ukraine_wants_to_establish_a_prize_similar_to/,"Apr 29, 2017, 9:59:44 AM",8
rabbier,"4/29/2017, 9:35:28 AM",S,self.The_Europe,The_Europe,Ukraine Wants to Establish a Prize Similar to Nobel to Help Politicians in Need,https://www.reddit.com/r/The_Europe/comments/688o42/ukraine_wants_to_establish_a_prize_similar_to/,"Apr 29, 2017, 12:22:14 PM",5
rabbier,"4/29/2017, 9:35:28 AM",S,self.eupolitics,eupolitics,Ukraine Wants to Establish a Prize Similar to Nobel to Help Politicians in Need,https://www.reddit.com/r/eupolitics/comments/688fzm/ukraine_wants_to_establish_a_prize_similar_to/,"Apr 29, 2017, 11:02:19 AM",4
rabbier,"4/29/2017, 9:35:28 AM",S,self.ukraine,ukraine,Ukraine Wants to Establish a Prize Similar to Nobel to Help Politicians in Need,https://www.reddit.com/r/ukraine/comments/688s54/ukraine_wants_to_establish_a_prize_similar_to/,"Apr 29, 2017, 1:00:01 PM",1
rabbier,"4/29/2017, 9:35:28 AM",S,self.Eurosceptics,Eurosceptics,Ukraine Wants to Establish a Prize Similar to Nobel to Help Politicians in Need,https://www.reddit.com/r/Eurosceptics/comments/688qmv/ukraine_wants_to_establish_a_prize_similar_to/,"Apr 29, 2017, 12:46:07 PM",1
rabbier,"4/29/2017, 9:35:28 AM",S,self.eu,eu,Ukraine Wants to Establish a Prize Similar to Nobel to Help Politicians in Need,https://www.reddit.com/r/eu/comments/688djn/ukraine_wants_to_establish_a_prize_similar_to/,"Apr 29, 2017, 10:38:05 AM",1
davecooperr,"12/6/2017, 10:33:36 AM",S,self.unpopularopinion,unpopularopinion,Is The Moscow-Ankara Axis Forming?,https://www.reddit.com/r/unpopularopinion/comments/7i54pc/is_the_moscowankara_axis_forming/,"Dec 7, 2017, 9:48:16 AM",0
davecooperr,"12/6/2017, 10:33:36 AM",S,self.unpopularopinion,unpopularopinion,NATO. Its history and prospects,https://www.reddit.com/r/unpopularopinion/comments/7hx0yr/nato_its_history_and_prospects/,"Dec 6, 2017, 10:44:00 AM",0
gilbmedina84,"2/26/2019, 8:28:39 AM",S,self.latinoamerica,latinoamerica,Irak. Siria. ¿Venezuela? EEUU prepara un ataque químico...,https://www.reddit.com/r/latinoamerica/comments/auxd7t/irak_siria_venezuela_eeuu_prepara_un_ataque/,"Feb 26, 2019, 10:04:54 AM",3
gilbmedina84,"2/26/2019, 8:28:39 AM",S,self.notArgentina,notArgentina,Irak. Siria. ¿Venezuela? EEUU prepara un ataque químico...,https://www.reddit.com/r/notArgentina/comments/aux9jv/irak_siria_venezuela_eeuu_prepara_un_ataque/,"Feb 26, 2019, 9:51:19 AM",2
gilbmedina84,"2/26/2019, 8:28:39 AM",S,self.mexico,mexico,Irak. Siria. ¿Venezuela? EEUU prepara un ataque químico...,https://www.reddit.com/r/mexico/comments/aux2g0/irak_siria_venezuela_eeuu_prepara_un_ataque/,"Feb 26, 2019, 9:24:14 AM",1
gilbmedina84,"2/26/2019, 8:28:39 AM",S,self.vzla,vzla,Irak. Siria. ¿Venezuela? EEUU prepara un ataque químico...,https://www.reddit.com/r/vzla/comments/auwvjq/irak_siria_venezuela_eeuu_prepara_un_ataque/,"Feb 26, 2019, 8:59:05 AM",1
gilbmedina84,"2/26/2019, 8:28:39 AM",S,self.chile,chile,Irak. Siria. ¿Venezuela? EEUU prepara un ataque químico...,https://www.reddit.com/r/chile/comments/auwoxk/irak_siria_venezuela_eeuu_prepara_un_ataque/,"Feb 26, 2019, 8:35:02 AM",1
gilbmedina84,"2/26/2019, 8:28:39 AM",S,self.Colombia,Colombia,Irak. Siria. ¿Venezuela? EEUU prepara un ataque químico...,https://www.reddit.com/r/Colombia/comments/auwyud/irak_siria_venezuela_eeuu_prepara_un_ataque/,"Feb 26, 2019, 9:10:51 AM",0
gilbmedina84,"2/26/2019, 8:28:39 AM",S,self.cuba,cuba,Irak. Siria. ¿Venezuela? EEUU prepara un ataque químico...,https://www.reddit.com/r/cuba/comments/auwrqn/irak_siria_venezuela_eeuu_prepara_un_ataque/,"Feb 26, 2019, 8:45:06 AM",0
ZayasLiTel,"10/21/2019, 3:59:18 PM",,,,,,,
Ritterc,"5/6/2017, 10:02:53 AM",S,self.besteurope,besteurope,Macron Triumphant: Macro-lies of Micro-victory,https://www.reddit.com/r/besteurope/comments/69kiur/macron_triumphant_macrolies_of_microvictory/,"May 6, 2017, 12:21:35 PM",2
Ritterc,"5/6/2017, 10:02:53 AM",S,self.BreakingNews24hr,BreakingNews24hr,Macron Triumphant: Macro-lies of Micro-victory,https://www.reddit.com/r/BreakingNews24hr/comments/69kewz/macron_triumphant_macrolies_of_microvictory/,"May 6, 2017, 11:45:14 AM",1
Ritterc,"5/6/2017, 10:02:53 AM",S,self.europe,europe,Macron Triumphant: Macro-lies of Micro-victory,https://www.reddit.com/r/europe/comments/69k5ab/macron_triumphant_macrolies_of_microvictory/,"May 6, 2017, 10:08:55 AM",1
Ritterc,"5/6/2017, 10:02:53 AM",S,indybay.org,politics,Macron Triumphant: Macro-lies of Micro-victory,https://www.reddit.com/r/politics/comments/69kcap/macron_triumphant_macrolies_of_microvictory/,"May 6, 2017, 11:18:30 AM",0
Ritterc,"5/6/2017, 10:02:53 AM",S,homment.com,worldnews,Macron Triumphant: Macro-lies of Micro-victory,https://www.reddit.com/r/worldnews/comments/69ka2w/macron_triumphant_macrolies_of_microvictory/,"May 6, 2017, 10:57:45 AM",0
Ritterc,"5/6/2017, 10:02:53 AM",S,self.europes,europes,Macron Triumphant: Macro-lies of Micro-victory,https://www.reddit.com/r/europes/comments/69k8ca/macron_triumphant_macrolies_of_microvictory/,"May 6, 2017, 10:40:37 AM",0
Ritterc,"5/6/2017, 10:02:53 AM",S,self.france,france,Macron Triumphant: Macro-lies of Micro-victory,https://www.reddit.com/r/france/comments/69k6l1/macron_triumphant_macrolies_of_microvictory/,"May 6, 2017, 10:23:21 AM",0
,,,,,,,,